,
,,,,DD AIRLINES PVT LTD.
DATE-TIME: 05-06-20 18:49:38
,
Name, Age, Gender, Phone_number, Destination, time, Seat_number, Seat_type
dipankar das, 19, male, 95411311, kolkata, 05-06-20 18:48:15, 1A, Window seat
samiran das, 24, male, 9415511, delhi, 05-06-20 18:49:08, 1B, Aisle seat
*(E), *(E), *(E), *(E), *(E), *(E), *(E), *(E)
*(E), *(E), *(E), *(E), *(E), *(E), *(E), *(E)
krishna das, 45, female, 59515151, mumbai, 05-06-20 18:48:39, 1E, Window seat
bk das, 54, male, 95151515, kolkata, 05-06-20 18:49:36, 2A, Window seat
*(E), *(E), *(E), *(E), *(E), *(E), *(E), *(E)
*(E), *(E), *(E), *(E), *(E), *(E), *(E), *(E)
*(E), *(E), *(E), *(E), *(E), *(E), *(E), *(E)
*(E), *(E), *(E), *(E), *(E), *(E), *(E), *(E)
*(E), *(E), *(E), *(E), *(E), *(E), *(E), *(E)
*(E), *(E), *(E), *(E), *(E), *(E), *(E), *(E)
*(E), *(E), *(E), *(E), *(E), *(E), *(E), *(E)
*(E), *(E), *(E), *(E), *(E), *(E), *(E), *(E)
*(E), *(E), *(E), *(E), *(E), *(E), *(E), *(E)
*(E), *(E), *(E), *(E), *(E), *(E), *(E), *(E)
*(E), *(E), *(E), *(E), *(E), *(E), *(E), *(E)
*(E), *(E), *(E), *(E), *(E), *(E), *(E), *(E)
*(E), *(E), *(E), *(E), *(E), *(E), *(E), *(E)
*(E), *(E), *(E), *(E), *(E), *(E), *(E), *(E)
*(E), *(E), *(E), *(E), *(E), *(E), *(E), *(E)
*(E), *(E), *(E), *(E), *(E), *(E), *(E), *(E)
*(E), *(E), *(E), *(E), *(E), *(E), *(E), *(E)
*(E), *(E), *(E), *(E), *(E), *(E), *(E), *(E)
*(E), *(E), *(E), *(E), *(E), *(E), *(E), *(E)
*(E), *(E), *(E), *(E), *(E), *(E), *(E), *(E)
*(E), *(E), *(E), *(E), *(E), *(E), *(E), *(E)
*(E), *(E), *(E), *(E), *(E), *(E), *(E), *(E)
*(E), *(E), *(E), *(E), *(E), *(E), *(E), *(E)
*(E), *(E), *(E), *(E), *(E), *(E), *(E), *(E)
*(E), *(E), *(E), *(E), *(E), *(E), *(E), *(E)
*(E), *(E), *(E), *(E), *(E), *(E), *(E), *(E)
*(E), *(E), *(E), *(E), *(E), *(E), *(E), *(E)
*(E), *(E), *(E), *(E), *(E), *(E), *(E), *(E)
*(E), *(E), *(E), *(E), *(E), *(E), *(E), *(E)
*(E), *(E), *(E), *(E), *(E), *(E), *(E), *(E)
*(E), *(E), *(E), *(E), *(E), *(E), *(E), *(E)
*(E), *(E), *(E), *(E), *(E), *(E), *(E), *(E)
*(E), *(E), *(E), *(E), *(E), *(E), *(E), *(E)
*(E), *(E), *(E), *(E), *(E), *(E), *(E), *(E)
*(E), *(E), *(E), *(E), *(E), *(E), *(E), *(E)
*(E), *(E), *(E), *(E), *(E), *(E), *(E), *(E)
*(E), *(E), *(E), *(E), *(E), *(E), *(E), *(E)
*(E), *(E), *(E), *(E), *(E), *(E), *(E), *(E)
*(E), *(E), *(E), *(E), *(E), *(E), *(E), *(E)
*(E), *(E), *(E), *(E), *(E), *(E), *(E), *(E)
*(E), *(E), *(E), *(E), *(E), *(E), *(E), *(E)
*(E), *(E), *(E), *(E), *(E), *(E), *(E), *(E)
*(E), *(E), *(E), *(E), *(E), *(E), *(E), *(E)
*(E), *(E), *(E), *(E), *(E), *(E), *(E), *(E)
*(E), *(E), *(E), *(E), *(E), *(E), *(E), *(E)
*(E), *(E), *(E), *(E), *(E), *(E), *(E), *(E)
*(E), *(E), *(E), *(E), *(E), *(E), *(E), *(E)
*(E), *(E), *(E), *(E), *(E), *(E), *(E), *(E)
*(E), *(E), *(E), *(E), *(E), *(E), *(E), *(E)
*(E), *(E), *(E), *(E), *(E), *(E), *(E), *(E)
*(E), *(E), *(E), *(E), *(E), *(E), *(E), *(E)
*(E), *(E), *(E), *(E), *(E), *(E), *(E), *(E)
*(E), *(E), *(E), *(E), *(E), *(E), *(E), *(E)
*(E), *(E), *(E), *(E), *(E), *(E), *(E), *(E)
*(E), *(E), *(E), *(E), *(E), *(E), *(E), *(E)
*(E), *(E), *(E), *(E), *(E), *(E), *(E), *(E)
*(E), *(E), *(E), *(E), *(E), *(E), *(E), *(E)
*(E), *(E), *(E), *(E), *(E), *(E), *(E), *(E)
*(E), *(E), *(E), *(E), *(E), *(E), *(E), *(E)
*(E), *(E), *(E), *(E), *(E), *(E), *(E), *(E)
*(E), *(E), *(E), *(E), *(E), *(E), *(E), *(E)
*(E), *(E), *(E), *(E), *(E), *(E), *(E), *(E)
*(E), *(E), *(E), *(E), *(E), *(E), *(E), *(E)
*(E), *(E), *(E), *(E), *(E), *(E), *(E), *(E)
*(E), *(E), *(E), *(E), *(E), *(E), *(E), *(E)
*(E), *(E), *(E), *(E), *(E), *(E), *(E), *(E)
*(E), *(E), *(E), *(E), *(E), *(E), *(E), *(E)
*(E), *(E), *(E), *(E), *(E), *(E), *(E), *(E)
*(E), *(E), *(E), *(E), *(E), *(E), *(E), *(E)
*(E), *(E), *(E), *(E), *(E), *(E), *(E), *(E)
*(E), *(E), *(E), *(E), *(E), *(E), *(E), *(E)
*(E), *(E), *(E), *(E), *(E), *(E), *(E), *(E)
*(E), *(E), *(E), *(E), *(E), *(E), *(E), *(E)
*(E), *(E), *(E), *(E), *(E), *(E), *(E), *(E)
*(E), *(E), *(E), *(E), *(E), *(E), *(E), *(E)
*(E), *(E), *(E), *(E), *(E), *(E), *(E), *(E)
*(E), *(E), *(E), *(E), *(E), *(E), *(E), *(E)
*(E), *(E), *(E), *(E), *(E), *(E), *(E), *(E)
*(E), *(E), *(E), *(E), *(E), *(E), *(E), *(E)
*(E), *(E), *(E), *(E), *(E), *(E), *(E), *(E)
*(E), *(E), *(E), *(E), *(E), *(E), *(E), *(E)
*(E), *(E), *(E), *(E), *(E), *(E), *(E), *(E)
*(E), *(E), *(E), *(E), *(E), *(E), *(E), *(E)
*(E), *(E), *(E), *(E), *(E), *(E), *(E), *(E)
*(E), *(E), *(E), *(E), *(E), *(E), *(E), *(E)
*(E), *(E), *(E), *(E), *(E), *(E), *(E), *(E)
*(E), *(E), *(E), *(E), *(E), *(E), *(E), *(E)
*(E), *(E), *(E), *(E), *(E), *(E), *(E), *(E)
*(E), *(E), *(E), *(E), *(E), *(E), *(E), *(E)
*(E), *(E), *(E), *(E), *(E), *(E), *(E), *(E)
*(E), *(E), *(E), *(E), *(E), *(E), *(E), *(E)
*(E), *(E), *(E), *(E), *(E), *(E), *(E), *(E)
*(E), *(E), *(E), *(E), *(E), *(E), *(E), *(E)
*(E), *(E), *(E), *(E), *(E), *(E), *(E), *(E)
number of tickets booked: 4
